Mode,QID,Question,Gold,Prediction,EM,F1,SupportRecall
enhanced,5a7f64e655429969796c1a2a,In which film did the French actor Eriq Ebouaney appear that stars Rebecca Romijn and was screened at Cannes Film Festival in 2002?,Femme Fatale,Femme Fatale,1,1.0,
enhanced,5abc3477554299700f9d7818,"What movie did ""the king of cool"" play in with Bud Ekins as his stunt double?","""The Great Escape""",The Great Escape.,1,1.0,
enhanced,5a8ccb97554299441c6b9f0c,Who did the man who Muhammad Ali beat in a surprise title win knock out in 1962?,Floyd Patterson,Floyd Patterson,1,1.0,
enhanced,5a86ef3e55429960ec39b6df,What cup that Cambridge United will participate in is called the Carabao Cup for sponsorship reasons?,EFL Cup,EFL Cup,1,1.0,
enhanced,5a82fb0a55429954d2e2ebe1,John Coolidge Adams is an American composer of classical music and opera whose first opera was inspired by U.S. President Richard Nixon's visit to China in what year?,1972,1972,1,1.0,
enhanced,5a8b2a3355429971feec465c,"The actress that was nominated for Best Actress for her performance in the film ""Humraaz""  also starred in what movie based on the life of a former Miss Universe? ",Ankahee,Ankahee,1,1.0,
enhanced,5a89e9f9554299669944a60d,Where does the team Rick Bennett coaches play?,Frank L. Messa Rink,Hisense Arena and the State Netball and Hockey Centre,0,0.0,
enhanced,5ab39d2b5542992ade7c6df0,"Which Las Vegas casino, owned by MGM and Italian themed, stands on the site of the former Dunes hotel?",Bellagio,Bellagio,1,1.0,
enhanced,5ab24cab55429970612095da,What was the nationality of the defending champion Julia Görges defeated during the 2012 Dubai Tennis Championships semifinals?,Danish,German,0,0.0,
enhanced,5addf54c5542990dbb2f7f1a,Singha is a beer produced by the Asian brewery founded in what year?,1933,1933,1,1.0,
enhanced,5a7a619c55429941d65f25fa,When was the man that Fort Davis was named after born?,"June 3, 1808","1737 [O.S. January 29, 1736]",0,0.0,
enhanced,5adef66c5542993a75d263c0,"Which film maker directed ""The Wrecker"", Albert de Courville or A. Edward Sutherland?",Albert de Courville,Albert de Courville,1,1.0,
enhanced,5adc631155429947ff173942,"In what year was the band who released ""Page Avenue"" formed?",2000,1968,0,0.0,
enhanced,5abf205e5542993fe9a41de0,Yannick Kergoat has edited such films as an American psychological horror thriller directed by Mathieu Kassovitz with a worldwide gross of what?,$141.6 million,$141.6 million worldwide gross of $141.6 million.,0,0.4444444444444445,
enhanced,5a7dbc075542997cc2c47488,Overture is a song on a double album by The Who first released in what year?,1969,1967.,0,0.0,
enhanced,5ab675545542995eadeefff5,North Mountain was billed as a cross between Rambo and another film directed by whom?,Ang Lee,John Ford,0,0.0,
enhanced,5a79c5945542994bb9457086,"Bat 21 Bravo was the call sign for this US Air Force Lieutenant Colonel during the vietnam war who was rescued behind the lines of North Vietnam in what is known as the largest, longest, and most complex search-and-rescue operation during the Vietnam War","Iceal ""Gene"" Hambleton",William J. Hovde,0,0.0,
enhanced,5a72e4375542992359bc31bf,"Who is older, Lucy Gichuhi or Bob Day?",Bob Day,"Lucy Gichuhi is older than Bob Day. Lucy Gichuhi was born on April 27, 1971, while Bob Day was born on March 24, 1972. Therefore, Lucy Gichuhi is older than Bob Day by approximately one month.",0,0.10526315789473684,
enhanced,5a8b28fa55429949d91db4d3,"What genus does the chimpanzee that the has a similar mating system to early humans, according to the authors of ""Sex at Dawn"", make up?",Pan,Apocynaceae,0,0.0,
enhanced,5a76318c5542992db947373d,Which actor from Trading Places and Die Hard also starred in Maniac Cop III: Badge of Silence?,Paul Gleason,Paul Giamatti,0,0.5,
enhanced,5a8bb0095542996e8ac889ce,Somebody Up There Likes Me starred the actor who played Ron Swanson on what NBC sitcom?,Parks and Recreation,South Park,0,0.0,
enhanced,5ac45384554299204fd21f22,What is the occupation the woman who won the title of Miss Minnesota and Miss America in 1989?,television commentator and author,"actress, model, author, and animal rights activist.",0,0.36363636363636365,
enhanced,5ab9ca43554299753720f872,The Rentals and Suede are both what?,rock band,alternative rock band,0,0.8,
enhanced,5ae3f2fe5542995ad6573ccf,The 2015 New York Jets season began with the team being coached by which former player who spent 8 years in the NFL as a safety?,Todd Robert Bowles,Brett Maxie,0,0.0,
enhanced,5abcd21c5542993a06baf973,The most famous guest at the Hotel Lester-Lester Cafe won four Olympic golds at what Games?,1936,2008 Summer Olympics,0,0.0,
enhanced,5ae1ec485542997f29b3c1a9,"What is the birthdate of this Egyptian professional footballer, who plays as a forward, and whose hometown is Basyoun?",15 June 1992,13 May 1993,0,0.0,
enhanced,5ade8d9a55429975fa854f0f,"What was the length of the original span of the bridge which made ocean beaches on the Eastern Shore of Maryland more accessible to visitors from Washington, D.C.?",4.3 mi,"The context provided does not contain information about the length of the original span of the bridge that made ocean beaches on the Eastern Shore of Maryland more accessible to visitors from Washington, D.C. Therefore, based on the information given, I cannot determine the length of the original span of that bridge.",0,0.0,
enhanced,5ae67fad5542991bbc976100,"The Mutlu Onaral album ""Livin' It"" was produced by the bassist for what duo?",Hall & Oates,Alkaline Trio,0,0.0,
enhanced,5ac49e505542996feb3fe918,"When was the second promotional single from the album that contained ""State of Grace"" released?","October 2, 2012",2015,0,0.0,
enhanced,5ab626e6554299110f2199e8,"How densely populated is this state, where one of the last actions, Battle of Point Judith, took place, compared to other U.S. states?",second most densely populated,"West Virginia is the 10th smallest by area, is ranked 38th in population, and has the second lowest household income of the 50 United States.  Colorado  is a state in the United States encompassing most of the Southern Rocky Mountains as well as the northeastern portion of the Colorado Plateau and the western edge of the Great Plains.  Colorado is the 8th most extensive and the 21st most populous of the 50 United States.  The United States Census Bureau estimates that the population of Colorado was 5,540,545 on July 1, 2016, an increase of 10.17% since the 2010 United States Census.",0,0.04545454545454545,
enhanced,5a875f6a5542996e4f3087a9,What symbol identifies the currency that is maintained by the caja de conversión?,$,V,0,0.0,
enhanced,5a808ae8554299485f59864e,"Who was a member of more comedy troupes, Doug Langway or Terry Jones?","Terence Graham Parry ""Terry"" Jones",Terry Jones,0,0.5714285714285715,
enhanced,5ab740d85542992aa3b8c7ff,Ahmed Brahim had supposed contacts with the professor of Contemporary Islamic Studies at what institution?,St Antony's College,Mustafa Kemal University,0,0.0,
enhanced,5a78adf2554299148911f91a,The Miami Marlins and the organization's right-handed pitcher Kenny Koplove play in which home field park?,Marlins Park,Oriole Park at Camden Yards,0,0.28571428571428575,
enhanced,5a764cb75542992d0ec06094,"USS Thach, is an ""Oliver Hazard Perry""-class frigate, was a ship of the United States Navy, named after which World War II naval aviator, air combat tactician, and United States Navy admiral ?","John Smith ""Jimmy"" Thach",Francis Drake,0,0.0,
enhanced,5a73583455429901807dafcf,"In which professional wrestling promotion did Randy Savage perform, after he left the World Wrestling Federation?",World Championship Wrestling,World Wrestling Entertainment,0,0.6666666666666666,
enhanced,5a8c7cbe554299653c1aa095,Are  André Cayatte and William Dieterle of different nationalities?,yes,yes,1,1.0,
enhanced,5a8e8f225542990e94052b55,"ACF Fiorentina returned to Serie A, following a two-year absence after the bankruptcy of the previous incarnation of the club, which Spanish retired footballer who played as a forward, were among the highly rated players to sign up for Fiorentina, either permanently or on loan?",Javier García Portillo,Josep Maria Fusté Blanch,0,0.0,
enhanced,5a80e307554299260e20a1a6,What band performed heir second single off their debut album at he twenty-ninth annual WrestleMania professional wrestling pay-per-view  event produced by WWE?,Living Colour,The Brakes,0,0.0,
enhanced,5a83594f5542996488c2e421,One of the actor's from Harm's way received his most praised role as a war veteran Fred Derry.  What was the name of the movie Fred Derry is from?,The Best Years of Our Lives,The Hurt Locker,0,0.0,
enhanced,5ade529c5542997c77adedf8,"What is the name of the German Shephard dog of which While London Sleeps was one of the films made for the dog, excludong Tintin or The Adventures of Tintin?",Rin Tin Tin,Charlie B. Barkin,0,0.0,
enhanced,5ae65ce35542996d980e7b12,Tom Watkins played college football for a team that plays their home games at what stadium?,Jack Trice Stadium,Apogee Stadium,0,0.4,
enhanced,5a77d25555429949eeb29f6c,Which 2017 American 3D film was written by Cinco Paul and Ken Daurio?,Despicable Me 3,Cars 3,0,0.4,
enhanced,5a7d195e5542995ed0d165e7,"Rana Gujral is an Indian American Entrepreneur, Executive, a Columnist and an Investor, in 2017, he was awarded the ""Entrepreneur of the Month"" by ""CIO Magazine"", also known as CIO.com, was founded in 1987 in Framingham, Massachusetts, to serve executives and technology decision makers in the information technology field and the burgeoning role of which occupation?",Chief Information Officer,information technology consulting,0,0.3333333333333333,
enhanced,5ab8036355429936677940a3,"The 357th Fighter Squadron (357 FS) is part of the 355th Fighter Wing at Davis-Monthan Air Force Base, Arizona, it operates which The 357th Fighter Squadron (357 FS) is part of the 355th Fighter Wing at Davis-Monthan Air Force Base, Arizona??",Fairchild Republic A-10 Thunderbolt II,924th Fighter Group,0,0.0,
enhanced,5a7a7fa55542995eb53be84f,"Carry On England is the 28th in the series of ""Carry On"" films to be made, it was the second and last ""Carry On"" film for Diane Langton (born 31 May 1947) is an English actress and singer, most notable for playing Nana McQueen in ""Hollyoaks"" from 2007 to 2009, and then again from when?",2012,2012–2013.,0,0.0,
enhanced,5a74525955429979e28828f7,"Which film follows the adventure of three pets, The Incredible Journey or Miss Marple?",The Incredible Journey,The Incredible Journey,1,1.0,
enhanced,5a876e505542993e715abf3e,"In the Irish presidential election of what year, outgoing President Patrick Hillery agreed under enormous political pressure to seek a second term, though Seán MacBride, a former Nobel Peace Prize and Lenin Peace Prize winner, made it known in the newspaper that he wanted to contest the office,  an Irish government minister, a prominent international politician and a Chief of Staff of the IRA? ",1983,1975,0,0.0,
enhanced,5a7fdc7e5542995d8a8ddf37,"""If You Ever Leave Me"" is a vocal duet between Barbra Streisand and Vince Gill, The song was written by which American adult contemporary and pop/rock singer, songwriter, musician and record producer who has sold over 30 million records?",Richard Noel Marx,Elton John,0,0.0,
enhanced,5ab3f01055429976abd1bcf8,What is the capital of the Canandian territory in which lies the land that was claimed in the Comprehensive Land Claim Agreement of 1993 signed by the Sahtu Tribal Council and the Government of Canada?,Yellowknife,Fredericton,0,0.0,
enhanced,5ae31e3055429928c4239616,Puhoy is an episode of the animated series created by whom?,Pendleton Ward,Matt Groening for the Fox Broadcasting Company  .,0,0.0,
enhanced,5a8502b65542994c784ddacf,Are Guy Ritchie and Todd Field.both filmmakers?,yes,no,0,0.0,
enhanced,5ac2c958554299657fa2905b,What genre is The Warriors Gate?,action,"None of the provided context mentions ""The Warriors Gate"" or its genre. Therefore, based on the information given, it is not possible to determine the genre of ""The Warriors Gate.""",0,0.0,
enhanced,5ae22e99554299234fd0441a,Who has the greatest scope of work Richard Rush or Garry Marshall,Garry Kent Marshall,"Richard Rush and Garry Marshall are not mentioned in the provided context. Therefore, based on the information given, it is not possible to determine who has the greatest scope of work between Richard Rush and Garry Marshall.",0,0.10810810810810811,
enhanced,5a83e55e55429933447460ae,This thriller film directed by Mathew Cullen includes a cast member who is an English fashion model and actress who signed with Storm Model Management after doing what in 2009? ,leaving school,Empire of Silver,0,0.0,
enhanced,5a7f7b145542994857a76745,"Do the films ""Return to Oz"" and ""Cars 3"" have the same director?",no,no,1,1.0,
enhanced,5a81f668554299676cceb19e,What type of government position does Bourke's parrot and Richard Bourke have in common?,Governor,unitary parliamentary republic,0,0.0,
enhanced,5a7b9e61554299294a54aa27,"A, Lolita, My Love is a musical based of the novel ""Lolita"" which was written by which author?",Vladimir Vladimirovich Nabokov,Vladimir Nabokov,0,0.8,
enhanced,5ae5d59a554299546bf82f93,Louise Diane d'Orleans is the youngest legitimised daughter of a monarch of the House of Bourbon who reigned as king of france beginning in what year?,1643,1848,0,0.0,
enhanced,5a84a4735542991dd0999d56,Who published the prequel to Sphereland?,Seeley & Co.,Jurassic Park  was published by DC Comics.,0,0.0,
enhanced,5ae233dd5542992decbdcc56,Robert Goldsborough is from this state whose largest city is what?,Baltimore,West Virginia,0,0.0,
enhanced,5a821429554299676cceb205,"Which band has more members, Haim or Hundred Reasons?",Hundred Reasons,"Haim has more members than Hundred Reasons. Haim has three members, while Hundred Reasons has six members. Therefore, Hundred Reasons has more members.",0,0.16,
enhanced,5a8d802555429941ae14dfe4,What former Miss Massachusetts book was made into a made-for-TV film?,Lisa Kleypas,Mazes and Monsters,0,0.0,
enhanced,5ac19c9355429963665198ba,What industry does Walt Aldridge and Adam Levine work in?,record producer,music industry,0,0.0,
enhanced,5ac549525542993e66e822ae,"Which is an American global independent energy company, Hess Corporation or Michael Kors?",Hess Corporation,Michael Kors,0,0.0,
enhanced,5ae84ac25542997ec272779c,"""Over the Rainbow"" was a song with an actress who to worldwide recognition for her performance in what?",Shakespeare in Love,Jennifer Aniston,0,0.0,
enhanced,5ab3dc34554299753aec59cf,"EDM DJ/producer/songwriter, Gianni Blu, worked with what fictional character from the 1967 film ""The Jungle Book""",King Louie,Mowgli,0,0.0,
enhanced,5a8b17175542996c9b8d5f97,"What religion was the Northern Irish politician who was responsible for the ""Third Force""?",Protestant,Protestant,1,1.0,
enhanced,5ac349185542995ef918c17a,Who created the TV series which had the storyline Sharongate ?,Julia Smith and Tony Holland,Darren Star,0,0.0,
enhanced,5ae0583d55429906c02daad2,Johnny Depp played in a 2005 musical fantasy film which was based on a 1964 children's novel that had a sequel called what?,Charlie and the Great Glass Elevator,New Moon,0,0.0,
enhanced,5ae6d5bc5542991bbc976182,"Which fictional charater portrayed by Jennifer Lawrence, is from a trilogy wirtten by American novelist Suzanne Collins?",Katniss Everdeen,Katniss Everdeen,1,1.0,
enhanced,5a90918355429916514e74f8,"Hurricane Beulah was the second tropical storm, second hurricane, and only major hurricane during which was the first Atlantic hurricane season to be included in the satellite era?",1967 Atlantic hurricane season,The Weather Channel,0,0.0,
enhanced,5ab701ec5542995eadef010d,What sport does Rohan Bopanna and Cara Black have in common?,tennis,tennis,1,1.0,
enhanced,5a76b83c5542993735360188,"James Michael Armstrong was an Australian sport wrestler and rugby league player, he was born in which major regional city in New South Wales, Australia?",Albury,Wagga Wagga,0,0.0,
enhanced,5a73aeb855429908901be311,Who is a guest in the final two episodes of season eighteen of South Park?,PewDiePie,James Woods,0,0.0,
enhanced,5a74228c55429929fddd83e2,What is the name of Micheal Feinstein's album which was a tribute to a composer whose best-known works were orchestral compositions?,Pure Gershwin,Ludwig van Beethoven,0,0.0,
enhanced,5ac2c410554299218029db2f,"Who realeased this American comedy film  starring an American actress who played supporting roles in films including ""East of Eden"", ""Five Easy Pieces"", ""Resurrection""?",Magnolia Pictures,The Other Woman,0,0.0,
enhanced,5a7a91ef55429941d65f26b9,"Who was born first, Charles Palliser or David Eddings?",David Eddings,"Charles Palliser was born first. He was born in 1939, while David Eddings was born in 1953.",0,0.21052631578947367,
enhanced,5ab3c05a5542992ade7c6e75,"This famous baseball player played the same position as his older brother, Vince, and was best know. For a hitting streak that still stands today ",Joseph Paul DiMaggio,Don Baylor,0,0.0,
enhanced,5addcfb15542990dbb2f7e8e,In which country is the Dreieckiger Pfahl and the former Kingdom of Hanover?,Germany,Germany,1,1.0,
enhanced,5a7af2fa55429931da12c99a,Gone To Texas is a concept album by Jessica's Crime inspired by which eight-book cycle by Stephen King?,The Dark Tower,The Dark Tower series,0,0.8,
enhanced,5ae337d95542994393b9e65c,Are Kallen Esperian and Mia Tyler both models?,no,no,1,1.0,
enhanced,5ab32241554299753aec594d,What 2017 television series did Jin Goo's co-star star in?,"""Fight for My Way""",The Arrangement,0,0.0,
enhanced,5abc02c85542993f40c73c44,Are David Paton and Robb Flynn both guitarists ?,yes,no,0,0.0,
enhanced,5a772e465542994aec3b7209,What do Wrigley Park and social networks have in common?,Neighbourhood,social networking mobile app,0,0.0,
enhanced,5a8217a9554299676cceb210,What is the home stadium of the college team Gregory Stephen Jerman played for from 1998 to 2001?,Floyd Casey Stadium,Washington College Shoremen lacrosse,0,0.0,
enhanced,5ae61eed55429929b0807ae1,The 1989 NBA draft included a signing of the player who spent 13 years with which three teams?,"New Jersey Nets, Atlanta Hawks, and the Golden State Warriors","New Jersey Nets, Atlanta Hawks, and the Golden State Warriors.",1,1.0,
enhanced,5ab576725542997d4ad1f139,What is the middle name of Benjamin O. Davis Sr.'s son?,Oliver,"Michael S. Ovitz  is an American businessman, investor, and philanthropist.  He is a talent agent who co-founded Creative Artists Agency  in 1975 and served as its chairman until 1995.  Ovitz later served as President of the Walt Disney Company from October 1995 to January 1997.",0,0.0,
enhanced,5a86749b554299211dda2b40,Where is the band that released Hulabila based in?,Kolkata,"Watford, Hertfordshire.",0,0.0,
enhanced,5ab7f77d5542993667794073,"Prior to serving as a member of the Provisional Congress of the Confederate States from Mississippi, William S. Barry served as a member of which majority-black district in the state, covering much of western Mississippi?",Mississippi's 2nd congressional district,Mississippi Public Service Commission,0,0.0,
enhanced,5a90503c5542995651fb512b,The 1962 Kentucky Wildcats had a player who was killed in a fire in what Kentucky town?,Southgate,"Richmond, Virginia, United States on December 26, 1811.  It devastated the Richmond Theatre, located on the north side of Broad Street between what is now Twelfth and College Streets.  The fire, which killed 72 people including many government officials, was the worst urban disaster in American history at the time.  The Monumental Church was erected on the site as a memorial to the fire.",0,0.0,
enhanced,5adea072554299728e26c775,"What television series did Townsend Coleman have a role in that was adapted from the graphic novel, ""Gear?""",Catscratch,The Walking Dead,0,0.0,
enhanced,5ae5121955429908b632650c,Is the William R. Fairchild International Airport or the Chico Municipal Airport in California?,Chico Municipal Airport,Chico Municipal Airport in California.,0,0.7499999999999999,
enhanced,5a7d39555542995ed0d1663e,On what coast is the city that hosted the 2009 Garshom Awards located?,Coromandel Coast,east coast,0,0.5,
enhanced,5a9065fa55429933b8a20517,Were Burton L. King and King Hu both film directors?,yes,no,0,0.0,
enhanced,5ab7dc7c5542995dae37e9c1,"Ethan Tecumseh Vishniac (born 1955) is an American astrophysicist, his wife Ilene Busch-Vishniac, the ninth president of the University of Saskatchewan (2012-2014), was previously Dean of the Faculty of Engineering at which American entrepreneur, abolitionist and philanthropist of 19th-century Baltimore, Maryland?",Johns Hopkins,Charles William Eliot,0,0.0,
enhanced,5a8f0dea5542995b44241f41,"Benedict Joseph Flaget, who was the Bishop of the Diocese of Louisville, served which Cathedral?",the Cathedral of the Assumption.,Manchester Cathedral,0,0.4,
enhanced,5a81a4e25542990a1d231e3c,What channel did the show named after the Mobile Army Surgical Hospital  air on?,CBS,Comedy Central,0,0.0,
enhanced,5ac035ed554299294b218f53,Are Canfield's Diet Chocolate Fudge and Buziaș both towns?,no,no,1,1.0,
enhanced,5abc121e5542993a06baf843,Orca includes a guest performance by which member of UTP Playas?,David Darnell Brown,Randy Brecker,0,0.0,
enhanced,5abcc818554299658360048b,In which event did Tyson Gay and Rodney Martin both represent the United States at the 2008 Beijing Olympics?,4 x 100 metre relay,"Gisele Marvin, the American ice hockey player, won a silver medal at the 2010 Olympic Winter Games and the 2014 Winter Olympics.  Tyson Gay and Rodney Martin are American sprinters, and they both represented the United States at the 2008 Beijing Olympics in the 100 meters event.  Therefore, the event in which Tyson Gay and Rodney Martin both represented the United States at the 2008 Beijing Olympics is the 100 meters.  However, the context provided does not mention Tyson Gay or Rodney Martin, so the answer cannot be determined from the given context.  The correct answer should be the 100 meters.  But since the context does not contain the information about Tyson Gay and Rodney Martin, the answer cannot be determined.  Therefore, the answer is not available.  However, the context provided does not contain the information about Tyson Gay and Rodney Martin, so the answer cannot be determined.  Therefore, the answer is not available.  However, the context provided does not contain the information about Tyson Gay and Rodney Martin, so the answer cannot be determined.  Therefore, the answer is not available.  However, the context provided does not contain the information about",0,0.012048192771084336,
enhanced,5adddc235542992200553b6a,Ylem was a term used by the physicist who was a developer of the theory credited to whom?,Lemaître,Aage Bohr,0,0.0,
enhanced,5a88337d5542994846c1ce1e,When did the spin-off of the show where Jamie Farr played Maxwell Q. Klinger begin airing?,"September 26, 1983",1970,0,0.0,
enhanced,5a83ac575542996488c2e484,What river is located in the city where Ezra Lee Matzenik was born?,the Peel River,Hrazdan River,0,0.5,
enhanced,5add39505542995b365faac2,"Rob Zombie and Jang Joon-hwan, are American?",no,no,1,1.0,
enhanced,5a899dc155429946c8d6e966,Robert the Bruce extended a castle located on the southern shore of which Loch ?,East Loch Tarbert,Loch Lomond & Trossachs National Park,0,0.25,
enhanced,5a75ebfc5542992d0ec06018,What indigenous American ethnic group that inhabits land in the northern United States and southern Canada was part of the Treaty of Springwells?,Odawa,Lake Superior Chippewa,0,0.0,
enhanced,5abc3af555429959677d6a5b,Are Kamet and Kongur Tagh both mountains?,yes,yes,1,1.0,
enhanced,5ae766945542991e8301cc88,"Manchester United football club will participate in the cup with what nickname, of which the finals are held at Wembley Stadium in London?",Carabao Cup,EFL Cup,0,0.5,
enhanced,5ab31366554299753aec5936,Roger Leonard's brother competed between what years?,1977 to 1997,1984 to 1998.,0,0.3333333333333333,
enhanced,5ab9592a55429970cfb8ea80,Which philosophy study was Metrodorus of Cos partly addicted to?,Pythagorean,Epicureanism,0,0.0,
enhanced,5ab981e555429970cfb8eb29,What is the slang term used to describe the agency that The Grupo de Operaciones Especiales  is a part of?,Federales,Special Mission Unit,0,0.0,
enhanced,5adeb68d5542992fa25da813,Jackie & Ryan starred which English actor?,Benjamin Thomas Barnes,Hugh Laurie,0,0.0,
enhanced,5ae1817f55429901ffe4aed4,What tribe features fullblood Johnny Moore Tiger Jr. and the Miccosukee Tribe of Indians of Florida?,Seminole,Ojibwe,0,0.0,
enhanced,5a9062bd5542995651fb5156,"Which ride, at a San Diego amusement park, mimics whitewater rafting?",River rapids ride,Shoot the Chute,0,0.0,
enhanced,5ab41d855542996a3a969f4b,"Is the Pakistan fast bowler who joined the Kent County Cricket Club in June, 2011 a left-hand or right-hand batsmans?",right-hand,"right-handed opening batsman, Virgin had a mostly solid but unspectacular career in first-class cricket, except for two individual seasons, one for each of his two counties, during which he looked as good as any opening batsman in county cricket and was mentioned as a possible Test player.",0,0.0,
enhanced,5ae6c0625542995703ce8b99,What range of mountains in New Hampshire were painted by Benjamin Champney?,the White Mountains,Presidential Range in the White Mountains of New Hampshire,0,0.4,
enhanced,5abccba95542993a06baf96a,When was the host of A. J. After Hours born?,"June 2, 1962","September 11, 1967",0,0.0,
enhanced,5ab8e26455429919ba4e237a,What do Timex Sinclair 2048 and IBM PCjr have in common?,computer,"None of the provided context contains information about Timex Sinclair 2048 or IBM PCjr. Therefore, based on the given context, there is no commonality that can be identified between Timex Sinclair 2048 and IBM PCjr. The answer cannot be determined from the provided context.",0,0.0,
enhanced,5a76f50e5542994aec3b719c,"Which song on Eminem's album ""The Marshall Mathers LP 2"" was featured in the New Zealand top 50 singles of 2013?",The Monster,So Far...,0,0.0,
enhanced,5a89479a5542993b751ca922,"What was the name of the America's got Talent judge that was born into a musical family in McComb, Mississippi?",Brandy Norwood,Paul Anka.,0,0.0,
enhanced,5a7f47685542994857a766db,Are the poets Lavinia Greenlaw and Marge Piercy of the same nationality?,no,no,1,1.0,
enhanced,5ac265275542992f1f2b38aa,What is the current stadium of the semi-professional football club that Eddie Stanford plays for?,Tameside Stadium,Azadi Stadium,0,0.5,
enhanced,5a85a8285542991dd0999e7b,"Samsung WatchON is available on many Galaxy phones, including what phone that was unveiled during a Samsung press conference at IFA Berlin on September 3rd, 2014?",Samsung Galaxy Note 4,Samsung Galaxy Note 4,1,1.0,
enhanced,5abc8ee0554299700f9d7907,Pallavi Seshayyer was an expert of which form of singing in Carnatic music which allows the musicians to improvise to a great extent?,Ragam-Thanam-Pallavi,lead vocalist,0,0.0,
enhanced,5a7b67ce5542997c3ec9714c,Which valley does the Arenales River flow through?,Lerma Valley,Hudson River,0,0.0,
enhanced,5ac31cbb554299741d48a205, Elora Danan is a fictional character from a British-American high fantasy film directed by who?,Ron Howard,Ridley Scott,0,0.0,
enhanced,5ab340a9554299753aec5962,Which musician formed the band The Genuine Fakes?,Johan Bergqvist,"None of the musicians listed formed the band The Genuine Fakes. The Genuine Fakes are a different band. The musicians listed are: Shirley Manson , Hugh Cornwell , Joe Elliott , Adam Levine , Richard Z. Kruspe . None of these musicians are associated with The Genuine Fakes. Therefore, the answer is none of the above. However, since the instruction is to return only the exact short answer phrase from the provided context, and none of the listed musicians formed The Genuine Fakes, the answer is not among the provided musicians. But since the instruction is to return only the exact short answer phrase from the provided context, and none of the listed musicians formed The Genuine Fakes, the answer is not among the provided musicians. Therefore, the answer is none of the above. However, since the instruction is to return only the exact short answer phrase from the provided context, and none of the listed musicians formed The Genuine Fakes, the answer is not among the provided musicians. Therefore, the answer is none of the above. However, since the instruction is to return only the exact short answer phrase from the provided context, and none of the listed musicians formed The Genuine",0,0.0,
enhanced,5a8db1e7554299068b959db4,What group does Christmas Shopping and Buck Owens have in common?,Buckaroos,Bob Geldof and Midge Ure,0,0.0,
enhanced,5ab2a0fe554299194fa93487,"Who was the sheriff of a ghost town in Beaverhead County, Montana?",Henry Plummer,"The provided context does not contain information about the sheriff of a ghost town in Beaverhead County, Montana. Therefore, no answer can be derived from the given context.",0,0.0,
enhanced,5ab98b0855429970cfb8eb3d,"The singer that released single ""Just Hold On"" wrote on what song with Richard Boardman?",Back to You,You Belong with Me,0,0.28571428571428575,
enhanced,5ab98cb4554299743d22eb69,Actor Sai Chand starred in what 2017 Telugu-language romantic comedy film written and directed by Sekhar Kammula?,Fidaa,Jai Lava Kusa,0,0.0,
enhanced,5a77a89d5542992a6e59df63,"Who is older, Warren Lieberstein or Angela Kinsey?",Warren Keith Lieberstein,"Warren Lieberstein is older than Angela Kinsey. Warren Lieberstein was born on June 22, 1906, while Angela Kinsey was born on June 22, 1967. Therefore, Warren Lieberstein is older than Angela Kinsey.",0,0.11428571428571428,
enhanced,5a8f930b55429918e830d272,Who was the etruscan artist that worked for the last of the Roman Kings that reigned during 535 BC?,Vulca,"None of the provided context mentions an Etruscan artist who worked for the last of the Roman kings that reigned during 535 BC. The context includes information about Henry II, Messalina, Ferdinand I, and Beethoven, but none of these individuals are relevant to the question about an Etruscan artist during that time period. Therefore, the answer cannot be determined from the provided context.",0,0.0,
enhanced,5a7d04c355429909bec768fa,What scandal resulted in an investigation into the real estate investments of the Clintons and McDougals that also influenced Roger Altman's employment situation at that time?,Whitewater controversy,"None of the provided context mentions a scandal involving the real estate investments of the Clintons and McDougals or Roger Altman's employment situation. Therefore, based on the information given, the correct answer cannot be determined from the context provided. However, the only answer that could be considered is ""Crisis: Behind a Presidential Commitment"" as it is the only context that involves a scandal. But it is not related to the real estate investments of the Clintons and McDougals or Roger Altman's employment. Hence, the correct answer is not available.",0,0.0,
enhanced,5a89d85655429946c8d6e9de,"""Crying"" is the second episode of season 8 and 202nd episode overall of the American animated television series ""Beavis and Butt-Head"", it aired alongside ""Werewolves of Highland"" on which date, on MTV, and the first episode of season 8?","October 27, 2011","November 17, 2002",0,0.0,
enhanced,5a775ee555429966f1a36d16,"Which dog has more traits, the Norwegian Buhund, or the English Foxhound?",The Norwegian Buhund,Norwegian Buhund,1,1.0,
enhanced,5ae07b1955429945ae95935e,Which host of Through the Wormhole also won Best Supporting Actor?,Morgan Freeman,Aaron Paul Sturtevant,0,0.0,
enhanced,5add13f45542994ed6169c66,Are Wisteria and Artocarpus genera of different families? ,yes,yes,1,1.0,
enhanced,5ac2a53b554299657fa28fff,The Devil's Disciple is a 1959 film adaptation of a 1897 play whose author had this nationality?,Irish,American,0,0.0,
enhanced,5abfebdd5542997d64295944,"Robert Whitehead, died in what town in Westchester County, New York?","Pound Ridge, New York","Poughkeepsie, New York",0,0.5714285714285715,
enhanced,5abd9cd755429933744ab80a,Who is the British composer that composed music for a documentary of a British distance runner born in 1983 who also performed his final track race at the 2017 IAAF Diamond League?,Ian Arber,Alan Reeves,0,0.0,
enhanced,5add04c35542992c1e3a2512,"Full Circle is an American soap opera that starred Dyan Cannon and Jean Byron, who portrayed Patty Lane's mother in what show?","""The Patty Duke Show""",Marion Crane,0,0.0,
enhanced,5a72289a55429971e9dc9311,"Of Justine Henin and Virginia Ruano Pascual, which of the two was born first?",Virginia Ruano Pascual,"Justine Henin was born first. She was born in 1982, while Virginia Ruano Pascual was born in 1975. Therefore, Virginia Ruano Pascual was born earlier than Justine Henin.",0,0.19354838709677416,
enhanced,5ab89c365542991b5579efc2,"What do the song ""What Would I Do If I Could Feel"" and Nipsey Russell have in common?",The Wiz,"None of the provided context contains information about the song ""What Would I Do If I Could Feel"" or Nipsey Russell. Therefore, no commonality can be established based on the given information. The answer is: None.",0,0.0,
enhanced,5ab5348c5542990594ba9d26,What type of film was directed by Kevin Smith and had Brandon Routh as a supporting role?,romantic sex comedy,"None of the provided context mentions a film directed by Kevin Smith with Brandon Routh as a supporting role. Therefore, based on the given information, no answer can be provided. However, since the instruction is to return only the exact short answer phrase, and no match is found, the appropriate response would be:",0,0.0,
enhanced,5a9091ca55429916514e74f9,"Lucia di Lammermoor and Death in Venice, are which form of plays?",opera,opera,1,1.0,
enhanced,5a77a29e5542995d8318122f,"Which star of ""Live Free or Die"" was born on March 20th, 1970?",Michael David Rapaport,Russell Crowe,0,0.0,
enhanced,5a8c7dcf554299240d9c2197,Are Ladislao Vajda and Matthew Vaughn both film directors?,yes,no,0,0.0,
enhanced,5adfaaae55429942ec259ae6,Who was the primary producer of Danny Brown's latest studio album?,Paul White,Paul White.,1,1.0,
